Video_Links,Duration
https://www.youtube.com/watch?v=0cue1CVNymA,0:05:32
https://www.youtube.com/watch?v=jo8c08AIGKc,0:04:22
https://www.youtube.com/watch?v=r5_jxjRdloY,0:06:10
https://www.youtube.com/watch?v=7i9rxS3bkx0,0:04:06
https://www.youtube.com/watch?v=hcdO6phNkwo,0:04:56
https://www.youtube.com/watch?v=18MKsT-zfbQ,0:04:06
https://www.youtube.com/watch?v=WDZT41760-g,0:05:13
https://www.youtube.com/watch?v=BHmuJscEgxQ,0:05:16
https://www.youtube.com/watch?v=I__M8p6ddgg,0:02:03
https://www.youtube.com/watch?v=Jd4PRUZhvhk,0:03:53
https://www.youtube.com/watch?v=Y9jCnj8evdU,0:05:49
https://www.youtube.com/watch?v=f9pK11qrzow,0:05:30
https://www.youtube.com/watch?v=wU323ubM5eI,0:04:17
https://www.youtube.com/watch?v=y49-qq7omHs,0:05:07
https://www.youtube.com/watch?v=Y14YuhkScLE,0:04:02
https://www.youtube.com/watch?v=LeAFMZnYJgU,0:04:40
https://www.youtube.com/watch?v=11-W0Auyb1A,0:05:55
https://www.youtube.com/watch?v=GvZk_ksZ5cU,0:06:34
https://www.youtube.com/watch?v=7yIH_VsvXEQ,0:03:59
https://www.youtube.com/watch?v=sDIQe-1njUc,0:04:25
https://www.youtube.com/watch?v=PnSeMpMmwAQ,0:01:46
https://www.youtube.com/watch?v=daLtJhgJ3Pw,0:06:47
https://www.youtube.com/watch?v=F89ZlLqmGyM,0:04:16
https://www.youtube.com/watch?v=Op4pLwwA5Ew,0:08:12
https://www.youtube.com/watch?v=PnVbOiiAw00,0:05:05
https://www.youtube.com/watch?v=ivIMAyrhtkQ,0:04:22
https://www.youtube.com/watch?v=G8lWzVd2YqQ,0:03:07
https://www.youtube.com/watch?v=g0ORJCt2aWs,0:03:53
https://www.youtube.com/watch?v=OYqfzu4XTM4,0:04:32
https://www.youtube.com/watch?v=r6nbkgxQVR0,0:05:59
https://www.youtube.com/watch?v=nb5VDWohp_8,0:05:04
https://www.youtube.com/watch?v=YL48kuIfHdY,0:04:02
https://www.youtube.com/watch?v=YzoGIN19N_0,0:04:34
https://www.youtube.com/watch?v=QATZZdeiIGo,0:04:33
https://www.youtube.com/watch?v=P6XgjgefcUA,0:06:07
https://www.youtube.com/watch?v=mPoFagTsmo4,0:04:08
https://www.youtube.com/watch?v=Zay01V9lxSo,0:03:45
https://www.youtube.com/watch?v=JkPLpXknYZY,0:04:38
https://www.youtube.com/watch?v=2dXffiXJan4,0:04:54
https://www.youtube.com/watch?v=m_kPHQdCcGI,0:06:06
https://www.youtube.com/watch?v=i_WObdpo9oc,0:03:51
https://www.youtube.com/watch?v=wJAMQqtPFWw,0:04:07
https://www.youtube.com/watch?v=6Foy30-4jd4,0:03:55
https://www.youtube.com/watch?v=Fde4qrlwQWI,0:05:58
https://www.youtube.com/watch?v=iGsIs4Xq5jE,0:04:31
https://www.youtube.com/watch?v=MaArknqCQ7E,0:05:23
https://www.youtube.com/watch?v=ClmndgeG8ro,0:06:09
https://www.youtube.com/watch?v=KPw7kKtMuCA,0:04:41
https://www.youtube.com/watch?v=iQ6lJPN8kas,0:03:05
https://www.youtube.com/watch?v=ZYe9Tbt4CmM,0:04:50
https://www.youtube.com/watch?v=Da7N72WyLlk,0:05:21
https://www.youtube.com/watch?v=LuhpFWhFwVM,0:05:35
https://www.youtube.com/watch?v=MQadj_k1bfM,0:04:33
https://www.youtube.com/watch?v=k_C9sv9r39I,0:04:23
https://www.youtube.com/watch?v=4EcdPrjprCg,0:04:09
https://www.youtube.com/watch?v=_sZGuQ6qSYw,0:04:22
https://www.youtube.com/watch?v=JoI-leRIPDQ,0:03:47
https://www.youtube.com/watch?v=6o0_e41XLLg,0:03:33
https://www.youtube.com/watch?v=MtHxjCnfPUs,0:02:57
https://www.youtube.com/watch?v=AGw8AXjZngY,0:05:05
https://www.youtube.com/watch?v=9Q0b0EKhpXk,0:03:35
https://www.youtube.com/watch?v=Lq5k3WzTLk8,0:03:57
https://www.youtube.com/watch?v=-OpYvn9hIQw,0:04:37
https://www.youtube.com/watch?v=K0RFAT42MFc,0:03:30
https://www.youtube.com/watch?v=yChSCQTrvcM,0:04:48
https://www.youtube.com/watch?v=1mlEu3exl9w,0:03:51
https://www.youtube.com/watch?v=sUM1TNXkJKI,0:04:57
https://www.youtube.com/watch?v=vVWMWM1W7V8,0:05:32
https://www.youtube.com/watch?v=lxnM_P93yFE,0:05:11
https://www.youtube.com/watch?v=ORMHY8PCESc,0:03:08
https://www.youtube.com/watch?v=QBZYgTvWTP8,0:04:22
https://www.youtube.com/watch?v=r9fSynt4LIk,0:03:05
https://www.youtube.com/watch?v=JsPOwJiLx98,0:05:28
https://www.youtube.com/watch?v=Oqi65K6QMYQ,0:06:35
https://www.youtube.com/watch?v=kbc8hTHxWio,0:03:56
https://www.youtube.com/watch?v=V1C09scmHxg,0:03:54
https://www.youtube.com/watch?v=Z7gMbg8XSJQ,0:06:43
https://www.youtube.com/watch?v=6cJ-hYmulQk,0:04:50
https://www.youtube.com/watch?v=QuDJ2sJDIpU,0:04:51
https://www.youtube.com/watch?v=F7Cr-bf9V1g,0:04:40
https://www.youtube.com/watch?v=jFIleJykiAI,0:04:43
https://www.youtube.com/watch?v=pQFGvM_ZJ1Y,0:04:04
https://www.youtube.com/watch?v=37v9GV8zlkY,0:04:00
https://www.youtube.com/watch?v=GQBsYLRUR5E,0:05:42
https://www.youtube.com/watch?v=ozpdZLScNUs,0:04:27
https://www.youtube.com/watch?v=m0TxWyXJS4s,0:04:01
https://www.youtube.com/watch?v=BRdOkSCjjhk,0:03:44
https://www.youtube.com/watch?v=LhTm7vCE1V0,0:05:33
https://www.youtube.com/watch?v=lJwulPny_9I,0:05:39
https://www.youtube.com/watch?v=UcCYF7OBVhk,0:03:05
https://www.youtube.com/watch?v=IHyMbXhgWYo,0:05:03
https://www.youtube.com/watch?v=ZW0En_RzbeE,0:04:00
https://www.youtube.com/watch?v=s3lxI0j6Pa4,0:04:32
https://www.youtube.com/watch?v=a72VSzFlhiA,0:05:39
https://www.youtube.com/watch?v=xHn1uCNpUHM,0:05:40
https://www.youtube.com/watch?v=gins7u_mjcM,0:06:12
https://www.youtube.com/watch?v=kI7fNzOBDQc,0:03:31
https://www.youtube.com/watch?v=RJC5JQ5_N80,0:02:03
https://www.youtube.com/watch?v=x0x6VoEN7cM,0:04:12
https://www.youtube.com/watch?v=-tsuiCaTjvM,0:04:36
https://www.youtube.com/watch?v=AXY7E4JJLKg,0:04:32
https://www.youtube.com/watch?v=hZK-igksxqU,0:04:01
https://www.youtube.com/watch?v=B8Gn52lX7uU,0:03:02
https://www.youtube.com/watch?v=FvjThX6Kfhk,0:04:31
https://www.youtube.com/watch?v=7ZElweCeojw,0:03:53
https://www.youtube.com/watch?v=hwgaW_I1RYw,0:05:15
https://www.youtube.com/watch?v=XUTgZY4omBk,0:06:40
https://www.youtube.com/watch?v=hymbESRg2LM,0:03:06
https://www.youtube.com/watch?v=qoRKIBMJNaU,0:03:59
https://www.youtube.com/watch?v=_UAm-s3vOAY,0:04:32
https://www.youtube.com/watch?v=HWXjD1r8IPY,0:04:51
https://www.youtube.com/watch?v=tZitX5wSWBs,0:03:43
https://www.youtube.com/watch?v=MgFdEa4B1TQ,0:04:49
https://www.youtube.com/watch?v=2XkhHjD3804,0:04:54
https://www.youtube.com/watch?v=HZ0tS6ywEFc,0:05:07
https://www.youtube.com/watch?v=t8mGQBZaWEU,0:05:16
https://www.youtube.com/watch?v=MfVZrIa7sBA,0:03:59
https://www.youtube.com/watch?v=j_Q_nofzoXk,0:06:48
https://www.youtube.com/watch?v=wJlrXYaTNpI,0:05:30
https://www.youtube.com/watch?v=xBtltouWWRU,0:04:41
https://www.youtube.com/watch?v=cx3oObOKC0Y,0:04:49
https://www.youtube.com/watch?v=HXan2Ai748g,0:04:29
https://www.youtube.com/watch?v=NEzp5-ugD2s,0:04:02
https://www.youtube.com/watch?v=wkyje9gQC34,0:04:43
https://www.youtube.com/watch?v=flcqPXteRFg,0:05:19
https://www.youtube.com/watch?v=Xv1spfWD5E0,0:06:58
https://www.youtube.com/watch?v=-ALagHVX36w,0:06:21
https://www.youtube.com/watch?v=uRYXio8tGM4,0:05:13
https://www.youtube.com/watch?v=DDef3YnrUZY,0:04:37
https://www.youtube.com/watch?v=E84Xeej68hY,0:03:36
https://www.youtube.com/watch?v=nxMuZN6hOi8,0:06:09
https://www.youtube.com/watch?v=q71hTCM9v-g,0:05:38
https://www.youtube.com/watch?v=daFUER2dqV4,0:07:33
https://www.youtube.com/watch?v=ZCDTt-PDTYo,0:05:40
https://www.youtube.com/watch?v=lbflnqqEXIE,0:04:32
https://www.youtube.com/watch?v=PRNQfBRMJ9I,0:05:08
https://www.youtube.com/watch?v=uVoWiLvEzpg,0:03:46
https://www.youtube.com/watch?v=W4qkWAZjJvc,0:04:17
https://www.youtube.com/watch?v=beEyExl_vLI,0:04:17
https://www.youtube.com/watch?v=eiIaGepfH2A,0:04:23
https://www.youtube.com/watch?v=sHLs_HjCyTI,0:04:10
https://www.youtube.com/watch?v=z26vT7SJz0c,0:04:56
https://www.youtube.com/watch?v=Q8G4-A-N3ck,0:05:23
https://www.youtube.com/watch?v=MURpyGn10l0,0:05:31
https://www.youtube.com/watch?v=T8oFzzylRhM,0:03:34
https://www.youtube.com/watch?v=r0s_xalKATM,0:05:28
https://www.youtube.com/watch?v=HiTOaheCfJ0,0:04:25
https://www.youtube.com/watch?v=DBkIS2H2IlM,0:05:29
https://www.youtube.com/watch?v=X5XPgM_TkVg,0:04:48
https://www.youtube.com/watch?v=1Q48Gouyuhs,0:04:08
https://www.youtube.com/watch?v=3QYZ1DQUT1M,0:04:51
https://www.youtube.com/watch?v=gzLd_FOGuPk,0:05:26
https://www.youtube.com/watch?v=9EG_pGqPcik,0:06:05
https://www.youtube.com/watch?v=CotchtL640Y,0:03:44
https://www.youtube.com/watch?v=-4ld-jlLS7A,0:05:07
https://www.youtube.com/watch?v=cVllWShU3jw,0:05:06
https://www.youtube.com/watch?v=GYV4ogHPv40,0:05:38
https://www.youtube.com/watch?v=ZBFy5bq1N3M,0:03:30
https://www.youtube.com/watch?v=WSbR0gCw9Yo,0:04:23
https://www.youtube.com/watch?v=FOhAPrpyirc,0:04:38
https://www.youtube.com/watch?v=AHFTbnu2l0Q,0:05:13
https://www.youtube.com/watch?v=lS1Z1iGLYkA,0:04:48
https://www.youtube.com/watch?v=70TaaUHmAtg,0:05:03
https://www.youtube.com/watch?v=GJHnAXz33aM,0:04:24
https://www.youtube.com/watch?v=HOqidyq3Mog,0:06:00
https://www.youtube.com/watch?v=_-GtCBg-_MA,0:03:47
https://www.youtube.com/watch?v=BgUMVKRYmhs,0:04:10
https://www.youtube.com/watch?v=M7xAmfQa0R4,0:05:47
https://www.youtube.com/watch?v=swSihPc3kS8,0:04:59
https://www.youtube.com/watch?v=dR-9J9hFOOI,0:03:51
https://www.youtube.com/watch?v=mt20bls8YUs,0:04:42
https://www.youtube.com/watch?v=2_SWLdUiTa4,0:04:40
https://www.youtube.com/watch?v=o4Hb_O0OFek,0:04:49
https://www.youtube.com/watch?v=OfQWV98H7Oo,0:05:20
https://www.youtube.com/watch?v=q6elQXDrhnE,0:06:06
https://www.youtube.com/watch?v=Z7bfX_pGUag,0:04:39
https://www.youtube.com/watch?v=sWxGCwVfs20,0:04:22
https://www.youtube.com/watch?v=EXHPlGwFYR8,0:05:22
https://www.youtube.com/watch?v=dbUbE4vcDSI,0:03:24
https://www.youtube.com/watch?v=mhydRXgPxEg,0:03:05
https://www.youtube.com/watch?v=_yaij8DoIj8,0:03:41
https://www.youtube.com/watch?v=BqGhsln5Les,0:03:58
https://www.youtube.com/watch?v=u-3qaY9oMG0,0:04:33
https://www.youtube.com/watch?v=94fIvgtFJX8,0:05:47
https://www.youtube.com/watch?v=QpDSWnnW1aM,0:04:38
https://www.youtube.com/watch?v=ups_HY-BRPM,0:05:51
https://www.youtube.com/watch?v=_ANOcSeGYas,0:03:40
https://www.youtube.com/watch?v=cq7vdw16mg4,0:06:27
https://www.youtube.com/watch?v=qMpLBNPtrkM,0:04:05
https://www.youtube.com/watch?v=GYMemTnvXos,0:04:22
https://www.youtube.com/watch?v=yv6-ThZjdU8,0:06:15
https://www.youtube.com/watch?v=7c7Yq4oIbX4,0:02:58
https://www.youtube.com/watch?v=p7MDnOPA9jw,0:02:45
https://www.youtube.com/watch?v=YLU5gTmNxog,0:04:54
https://www.youtube.com/watch?v=BDsrhM_GOVo,0:05:12
https://www.youtube.com/watch?v=4AlKdZfwSBQ,0:05:46
https://www.youtube.com/watch?v=iQh9ULM7b58,0:08:11
https://www.youtube.com/watch?v=WK-0k_Ueg8A,0:05:52
https://www.youtube.com/watch?v=RAp9E0nuWOs,0:07:51
https://www.youtube.com/watch?v=ZZippJOVaOY,0:05:09
https://www.youtube.com/watch?v=QhSiVC5szIc,0:05:42
https://www.youtube.com/watch?v=JvmUcWDkAcs,0:04:10
https://www.youtube.com/watch?v=IK3qypmnLjI,0:06:16
https://www.youtube.com/watch?v=PayTESPMMSM,0:06:56
https://www.youtube.com/watch?v=fyYzFcdNXko,0:03:29
https://www.youtube.com/watch?v=F5N7_bj-OBg,0:04:16
https://www.youtube.com/watch?v=SSzSL57jz_w,0:06:36
https://www.youtube.com/watch?v=VQqVh1QiIu4,0:06:18
https://www.youtube.com/watch?v=nNGWkSD9_kA,0:05:24
https://www.youtube.com/watch?v=RpghNAbgrY0,0:04:51
https://www.youtube.com/watch?v=ePtxd8Jjd50,0:03:32
https://www.youtube.com/watch?v=Q9aRNT-aSSQ,0:04:45
https://www.youtube.com/watch?v=17xJh88bpg8,0:06:46
https://www.youtube.com/watch?v=vJ8sG_9vCTQ,0:04:30
https://www.youtube.com/watch?v=yQrpXBsablA,0:05:14
https://www.youtube.com/watch?v=5NqqAK5jxL0,0:04:57
https://www.youtube.com/watch?v=10UObJ9YwfY,0:03:59
https://www.youtube.com/watch?v=YqTRL-hmhuY,0:05:10
https://www.youtube.com/watch?v=5vglbFmO24Q,0:04:47
https://www.youtube.com/watch?v=KXS2HgIS_Yo,0:04:40
https://www.youtube.com/watch?v=N-7FlctW3G8,0:06:45
https://www.youtube.com/watch?v=Wxyv-6Z_wRQ,0:04:24
https://www.youtube.com/watch?v=7rbAF5xXJ6c,0:04:56
https://www.youtube.com/watch?v=UeQhZ0pu5nQ,0:05:25
https://www.youtube.com/watch?v=vNve6WZBEbU,0:04:18
https://www.youtube.com/watch?v=kJ5o-lIlEIQ,0:05:08
https://www.youtube.com/watch?v=3eojr_YJBE0,0:05:22
https://www.youtube.com/watch?v=dHD6UA4UMv8,0:05:31
https://www.youtube.com/watch?v=Q5ndpgECfyo,0:04:25
https://www.youtube.com/watch?v=ru-Lpx8DnbU,0:05:22
https://www.youtube.com/watch?v=VlvuyQPspLg,0:06:45
https://www.youtube.com/watch?v=mKGwtsd0HvE,0:03:52
https://www.youtube.com/watch?v=Rol-cpU7bik,0:05:55
https://www.youtube.com/watch?v=RywbdArPFr8,0:04:28
https://www.youtube.com/watch?v=ztIZz4-Seu0,0:04:41
https://www.youtube.com/watch?v=Q3Bo3dicY78,0:05:10
https://www.youtube.com/watch?v=jVWKGsjB0IU,0:04:35
https://www.youtube.com/watch?v=GjdVcCpXGSM,0:05:46
https://www.youtube.com/watch?v=-ayApg2dwsY,0:04:40
https://www.youtube.com/watch?v=UXC6QIllb-s,0:04:46
https://www.youtube.com/watch?v=Adhu3e8usLQ,0:03:35
https://www.youtube.com/watch?v=LAYwwIznM28,0:05:30
https://www.youtube.com/watch?v=CXYlMiEKxWw,0:03:58
https://www.youtube.com/watch?v=Saj4rNOTO1w,0:05:37
https://www.youtube.com/watch?v=pGqtzI3HchY,0:05:39
https://www.youtube.com/watch?v=wLCQEh5IZTw,0:03:43
https://www.youtube.com/watch?v=3HVdTIP2TzQ,0:05:57
https://www.youtube.com/watch?v=9kWWHxixoOk,0:04:27
https://www.youtube.com/watch?v=jVibKfl2tJ4,0:04:03
https://www.youtube.com/watch?v=sc7j9Qdx9X8,0:05:01
https://www.youtube.com/watch?v=rjPTAewH188,0:05:42
https://www.youtube.com/watch?v=o7jc7xdHFOw,0:05:04
https://www.youtube.com/watch?v=MqREDi3J_Ls,0:06:59
https://www.youtube.com/watch?v=mtvg0ycThZs,0:05:50
https://www.youtube.com/watch?v=aqCHiS0_1uM,0:05:29
https://www.youtube.com/watch?v=wQEKroEqOBU,0:03:36
https://www.youtube.com/watch?v=BarEhzDcmGE,0:05:38
https://www.youtube.com/watch?v=o-tU-LmL1JM,0:03:56
https://www.youtube.com/watch?v=tIhRp8hjaUY,0:08:28
https://www.youtube.com/watch?v=9BjontEaWoo,0:06:41
https://www.youtube.com/watch?v=b2OmrDJFGwY,0:05:25
https://www.youtube.com/watch?v=4UHybNIYGQI,0:04:13
https://www.youtube.com/watch?v=pBsQO3w0lLM,0:05:03
https://www.youtube.com/watch?v=EtS_R1Hr_rQ,0:04:30
https://www.youtube.com/watch?v=FDZRgHV7Sh4,0:06:00
https://www.youtube.com/watch?v=PuD-6jYwTQ0,0:04:56
https://www.youtube.com/watch?v=WXB36lG4GfI,0:06:33
https://www.youtube.com/watch?v=fTGwUlHL54U,0:05:33
https://www.youtube.com/watch?v=99t68PbXVNI,0:04:26
https://www.youtube.com/watch?v=G0N_bKUc9lI,0:06:06
https://www.youtube.com/watch?v=1I58KrHFuss,0:04:38
https://www.youtube.com/watch?v=7_dQX5RmX7U,0:05:28
https://www.youtube.com/watch?v=8SJOJ3Ho_Lg,0:03:50
https://www.youtube.com/watch?v=Qeh8I5FK6ME,0:04:08
https://www.youtube.com/watch?v=9u00yod24-Q,0:05:29
https://www.youtube.com/watch?v=xRgq44Qx7YU,0:05:50
https://www.youtube.com/watch?v=cGO2T6hjJdk,0:05:13
https://www.youtube.com/watch?v=-9UzQv79dbA,0:06:16
https://www.youtube.com/watch?v=xCigwFqWdto,0:04:53
https://www.youtube.com/watch?v=yP8KIyapi3w,0:04:29
https://www.youtube.com/watch?v=0OvyEguaQvo,0:03:29
https://www.youtube.com/watch?v=A0ikXjRwXqw,0:03:51
https://www.youtube.com/watch?v=xbzp7VVikJI,0:05:35
https://www.youtube.com/watch?v=PR8Qo4czfUg,0:05:20
https://www.youtube.com/watch?v=5WNWUk7E6_s,0:04:22
https://www.youtube.com/watch?v=Vyb9ukcCdLo,0:03:55
https://www.youtube.com/watch?v=LAx262QmNsI,0:04:46
https://www.youtube.com/watch?v=IyGvbyF7If8,0:05:20
https://www.youtube.com/watch?v=9x9Gv8_sB5M,0:05:52
https://www.youtube.com/watch?v=guLSd-tp4JM,0:04:44
https://www.youtube.com/watch?v=fmBofjeZOCc,0:04:11
https://www.youtube.com/watch?v=baxaHySNtyY,0:06:27
https://www.youtube.com/watch?v=gW-xInEGGVU,0:05:15
https://www.youtube.com/watch?v=0gW0BvzFYF4,0:04:54
https://www.youtube.com/watch?v=L9o3Ce4yLYI,0:07:11
https://www.youtube.com/watch?v=Wg14ikirj_Q,0:05:51
https://www.youtube.com/watch?v=IflywmsVyfM,0:05:33
https://www.youtube.com/watch?v=sBx2wgMZeYo,0:05:55
https://www.youtube.com/watch?v=iTCt4eIqT8U,0:05:59
https://www.youtube.com/watch?v=Lz-1O9xOK1Y,0:04:34
https://www.youtube.com/watch?v=4ol2l29R80s,0:05:48
https://www.youtube.com/watch?v=Ah_VT1yg_wQ,0:05:11
https://www.youtube.com/watch?v=DDkvusqHNWQ,0:05:10
https://www.youtube.com/watch?v=QvFeK360Wsg,0:05:34
https://www.youtube.com/watch?v=mezD_7SFkGQ,0:05:21
https://www.youtube.com/watch?v=AVTqIvEtOd4,0:04:20
https://www.youtube.com/watch?v=se5cYM_yQl8,0:05:12
https://www.youtube.com/watch?v=A6dfnVSW1as,0:05:44
https://www.youtube.com/watch?v=SZbDpHtwZf4,0:05:12
https://www.youtube.com/watch?v=vHTF3RPa2NU,0:05:32
https://www.youtube.com/watch?v=duw-arUahWo,0:05:20
https://www.youtube.com/watch?v=SrylerGTOjk,0:04:06
https://www.youtube.com/watch?v=IjO9QMnhN_8,0:04:26
https://www.youtube.com/watch?v=L5B5K740CQ4,0:04:47
https://www.youtube.com/watch?v=GNm6QUVOfZo,0:04:08
https://www.youtube.com/watch?v=-sLfnLqKgv8,0:06:10
https://www.youtube.com/watch?v=psKWsmSGgSI,0:04:11
https://www.youtube.com/watch?v=LSkx_NhbMwg,0:04:18
https://www.youtube.com/watch?v=6dAl0mU1ep0,0:04:06
https://www.youtube.com/watch?v=-F-sH7Lbwos,0:05:00
https://www.youtube.com/watch?v=k1Cb8NO6O6U,0:05:20
https://www.youtube.com/watch?v=R2yg510rdHc,0:04:22
https://www.youtube.com/watch?v=gTH-rLwKGew,0:04:12
https://www.youtube.com/watch?v=NbXdrz0x0-s,0:05:03
https://www.youtube.com/watch?v=YIpIM-cpQSY,0:07:04
https://www.youtube.com/watch?v=OFY_rn7T9z4,0:05:31
https://www.youtube.com/watch?v=s8onUmgcPY4,0:05:13
https://www.youtube.com/watch?v=TXohGZWNBNM,0:04:14
https://www.youtube.com/watch?v=o-Ty7-nXiIg,0:03:58
https://www.youtube.com/watch?v=_v54E9dJpgU,0:06:40
https://www.youtube.com/watch?v=QBPVgADCGHM,0:06:19
https://www.youtube.com/watch?v=W1vw58feosk,0:04:38
https://www.youtube.com/watch?v=RXRSQnyJRaM,0:05:29
https://www.youtube.com/watch?v=nem19kW-Gxw,0:06:15
https://www.youtube.com/watch?v=I_6D7vt-KZY,0:05:07
https://www.youtube.com/watch?v=kdqNqY-yBbk,0:05:54
https://www.youtube.com/watch?v=SvroBrbXMD8,0:04:32
https://www.youtube.com/watch?v=jcfiuslSBsE,0:03:39
https://www.youtube.com/watch?v=bYBjNoDn9uQ,0:05:24
https://www.youtube.com/watch?v=skLZ10Yji6s,0:08:40
https://www.youtube.com/watch?v=nxYIPSzmCd4,0:05:12
https://www.youtube.com/watch?v=1aGpnFu7g5Y,0:05:08
https://www.youtube.com/watch?v=3wpf4Zb69Ho,0:05:35
https://www.youtube.com/watch?v=5ESJ1b-ELyw,0:05:39
https://www.youtube.com/watch?v=o5voWI1UBok,0:06:13
https://www.youtube.com/watch?v=s6A06wcGbk8,0:05:19
https://www.youtube.com/watch?v=gA5UCWZrMqk,0:05:58
https://www.youtube.com/watch?v=zXHPLY2wfXs,0:04:45
https://www.youtube.com/watch?v=XDmYBdjox1o,0:05:56
https://www.youtube.com/watch?v=RvRBhLRwbbs,0:06:22
https://www.youtube.com/watch?v=gC6ZxRFLUUM,0:04:49
https://www.youtube.com/watch?v=wOX2jIY4_lg,0:04:49
https://www.youtube.com/watch?v=0faPQLHMq4c,0:04:20
https://www.youtube.com/watch?v=ts-kWrkY470,0:05:47
https://www.youtube.com/watch?v=bMiZb_ZAWOU,0:04:32
https://www.youtube.com/watch?v=t281caZy1sU,0:05:53
https://www.youtube.com/watch?v=_0PpaEF1p1M,0:06:52
https://www.youtube.com/watch?v=FEItF4hmuAc,0:04:21
https://www.youtube.com/watch?v=-2Js3xsiePY,0:04:38
https://www.youtube.com/watch?v=60MESeIkhQM,0:04:48
https://www.youtube.com/watch?v=7D6XJp1d6Lc,0:06:25
https://www.youtube.com/watch?v=U_HYRA9JVt8,0:03:55
https://www.youtube.com/watch?v=KMFUHQqv_2I,0:05:18
https://www.youtube.com/watch?v=dRrGxMRmMjI,0:03:52
https://www.youtube.com/watch?v=CmMqHPOrBXQ,0:06:55
https://www.youtube.com/watch?v=OIoeiQ1nMsU,0:04:27
https://www.youtube.com/watch?v=ImYpZg9sf1I,0:04:40
https://www.youtube.com/watch?v=RmH2oV3Ck0o,0:05:14
https://www.youtube.com/watch?v=esa1r0DBims,0:04:40
https://www.youtube.com/watch?v=Fjg_ZBJXA7k,0:05:11
https://www.youtube.com/watch?v=yocNq75ZU74,0:04:02
https://www.youtube.com/watch?v=tRxUkqZyOZA,0:04:45
https://www.youtube.com/watch?v=CVT6rspCNeY,0:07:48
https://www.youtube.com/watch?v=M_oIne5k2ao,0:04:22
https://www.youtube.com/watch?v=FOrStz8mUVM,0:05:12
https://www.youtube.com/watch?v=R71pCbqL0fU,0:04:24
https://www.youtube.com/watch?v=nc4zBQwqPc0,0:04:14
https://www.youtube.com/watch?v=262774rlLvk,0:04:05
https://www.youtube.com/watch?v=u8oO925FIi8,0:05:37
https://www.youtube.com/watch?v=ZTCcqJQBvWU,0:06:01
https://www.youtube.com/watch?v=AVcc3zSJalI,0:05:45
https://www.youtube.com/watch?v=4srkRannBwc,0:05:25
https://www.youtube.com/watch?v=0iWJud3sYFc,0:04:02
https://www.youtube.com/watch?v=RBaOHcn476g,0:03:20
https://www.youtube.com/watch?v=0hj2akGoJUc,0:04:54
https://www.youtube.com/watch?v=IWhpKd2N_ic,0:04:25
https://www.youtube.com/watch?v=YSTRCn5WzkQ,0:05:43
https://www.youtube.com/watch?v=xLlztUsOIng,0:05:06
https://www.youtube.com/watch?v=TAWwwPlA9oc,0:04:55
https://www.youtube.com/watch?v=zRuf4TYEsng,0:06:09
https://www.youtube.com/watch?v=O0q2FqmTGL0,0:06:02
https://www.youtube.com/watch?v=wjtq7CqWOHs,0:02:59
https://www.youtube.com/watch?v=q2yiaa98W04,0:06:09
https://www.youtube.com/watch?v=35H99y_y32A,0:04:13
https://www.youtube.com/watch?v=0NzrJbWoyHo,0:03:50
https://www.youtube.com/watch?v=8YAWLZ1D2So,0:07:31
https://www.youtube.com/watch?v=mxIjW8ioDpo,0:06:53
https://www.youtube.com/watch?v=XnGkbZhi9LM,0:04:00
https://www.youtube.com/watch?v=2X7ulC6sLp0,0:05:59
https://www.youtube.com/watch?v=0wtsnZVz_9U,0:05:16
https://www.youtube.com/watch?v=XrDQ_oRhWbU,0:03:16
https://www.youtube.com/watch?v=c8WKwumpmJI,0:04:56
https://www.youtube.com/watch?v=Fz4RKLEIsOg,0:05:55
https://www.youtube.com/watch?v=EPWWH5ZdMjM,0:04:37
https://www.youtube.com/watch?v=NG0oa5N9atI,0:05:49
https://www.youtube.com/watch?v=irkYrtgFReA,0:07:09
https://www.youtube.com/watch?v=2khjxrkVUoU,0:04:28
https://www.youtube.com/watch?v=xGFAChoa9yk,0:04:01
https://www.youtube.com/watch?v=essptA25PQk,0:05:25
https://www.youtube.com/watch?v=x2eNw9zkOCs,0:05:55
https://www.youtube.com/watch?v=WVhWtgCS6OI,0:04:00
https://www.youtube.com/watch?v=CZjRVta6WlQ,0:04:31
https://www.youtube.com/watch?v=NWuQ_QEqEjA,0:04:37
https://www.youtube.com/watch?v=GUi4XuR8KX0,0:06:22
https://www.youtube.com/watch?v=qiiPmzazlvU,0:04:22
https://www.youtube.com/watch?v=1jAKSXsEubw,0:03:13
https://www.youtube.com/watch?v=sZWWefIwka8,0:05:13
https://www.youtube.com/watch?v=XFXGRHZfkI8,0:04:24
https://www.youtube.com/watch?v=dU8wS0T_nqk,0:05:18
https://www.youtube.com/watch?v=82R3cB6gPUc,0:04:34
https://www.youtube.com/watch?v=AgCupmVcMeE,0:05:38
https://www.youtube.com/watch?v=FYX2xnfSvl4,0:03:29
https://www.youtube.com/watch?v=EXLvi1WUcaU,0:05:04
https://www.youtube.com/watch?v=_TN01zA9Hbw,0:05:31
https://www.youtube.com/watch?v=beL-VU0_4vE,0:04:42
https://www.youtube.com/watch?v=Wft0I3vVZeA,0:04:24
https://www.youtube.com/watch?v=RgKtrgZNlg0,0:04:06
https://www.youtube.com/watch?v=u1ffD-EHZLY,0:04:22
https://www.youtube.com/watch?v=lCpgI9J3tCk,0:04:57
https://www.youtube.com/watch?v=3diC2o5Zd8g,0:04:59
https://www.youtube.com/watch?v=1dpscfjo-G0,0:05:57
https://www.youtube.com/watch?v=_jR-0nDrni0,0:04:49
https://www.youtube.com/watch?v=czcpO0eMF1k,0:05:39
https://www.youtube.com/watch?v=hEVlAd50xYg,0:04:55
https://www.youtube.com/watch?v=DvMiCfZsMPQ,0:03:23
https://www.youtube.com/watch?v=6CDswNWhMOI,0:05:14
https://www.youtube.com/watch?v=mShU8Pv5F7g,0:06:28
https://www.youtube.com/watch?v=RoRcUzhVQjg,0:06:22
https://www.youtube.com/watch?v=tgMcyw053d0,0:04:38
https://www.youtube.com/watch?v=Bkk6LSQF9SQ,0:04:31
https://www.youtube.com/watch?v=E2wErAVXbdM,0:05:42
https://www.youtube.com/watch?v=5Yv-lv2p9Po,0:06:19
https://www.youtube.com/watch?v=fcxLa0jdNiQ,0:05:02
https://www.youtube.com/watch?v=kBJ4TiJdZAA,0:04:26
https://www.youtube.com/watch?v=sS1EOMfUVnY,0:05:31
https://www.youtube.com/watch?v=j0DT1NC3cKQ,0:04:56
https://www.youtube.com/watch?v=C1d9ADsg_sU,0:06:17
https://www.youtube.com/watch?v=EFUMUOfukBY,0:04:58
https://www.youtube.com/watch?v=mcKI8iYM84s,0:06:21
https://www.youtube.com/watch?v=xNUo3gUy7Hg,0:05:47
https://www.youtube.com/watch?v=edAFoDSdtwA,0:04:03
https://www.youtube.com/watch?v=BNYb_GOcvf8,0:05:26
https://www.youtube.com/watch?v=uLfJkulQqcM,1:12:29
https://www.youtube.com/watch?v=SOtPJZYIFts,1:09:03
https://www.youtube.com/watch?v=ZSVPZWHZrFE,1:10:48
https://www.youtube.com/watch?v=yNPLY8jGP8s,1:13:09
https://www.youtube.com/watch?v=MVVoCOHWljs,1:12:20
https://www.youtube.com/watch?v=Pslh0PK2A6U,1:09:46
https://www.youtube.com/watch?v=MTleqHOWCVc,1:25:39
https://www.youtube.com/watch?v=SpT975zu9us,1:22:21
https://www.youtube.com/watch?v=9-myZRhWpdM,1:23:16
https://www.youtube.com/watch?v=QjItSBFVf_o,1:10:40
https://www.youtube.com/watch?v=rJeGN5m86QQ,1:09:30
https://www.youtube.com/watch?v=96sjMBfPOqU,1:16:29
https://www.youtube.com/watch?v=taZN_DY-eA0,1:12:43
https://www.youtube.com/watch?v=vJNltcerhuI,1:24:14
https://www.youtube.com/watch?v=BZJKNoNHhH0,1:09:50
https://www.youtube.com/watch?v=EWOXtft396k,1:11:15
https://www.youtube.com/watch?v=y_p-ZPBmmtg,1:08:29
https://www.youtube.com/watch?v=7wdP73s2AY8,1:25:54
https://www.youtube.com/watch?v=R2pfdOT7IvE,1:11:13
https://www.youtube.com/watch?v=4yNxGgZppbc,1:22:44
https://www.youtube.com/watch?v=doQ0ZPGRCh0,1:21:05
https://www.youtube.com/watch?v=yj-ku5HbhT0,1:10:39
https://www.youtube.com/watch?v=Bv-srsWYYvA,1:10:52
https://www.youtube.com/watch?v=dFJP4h1-cMw,1:10:36
https://www.youtube.com/watch?v=oeX6PlKjgKM,1:11:10
https://soundcloud.com/faress_alquran/01a?utm_source=clipboard&utm_medium=text&utm_campaign=social_sharing,0:02:11
https://soundcloud.com/user961103863/2yovmx6opvfq?utm_source=clipboard&utm_medium=text&utm_campaign=social_sharing,0:00:42
https://soundcloud.com/osama_abd_alkareem/cauh8wig7h0v?utm_source=clipboard&utm_medium=text&utm_campaign=social_sharing,0:03:23
https://soundcloud.com/mustapha23rap/b9ne3ulm08ju?utm_source=clipboard&utm_medium=text&utm_campaign=social_sharing,0:01:14
https://soundcloud.com/abdullah_aldhaen/sesmdtklfmih?utm_source=clipboard&utm_medium=text&utm_campaign=social_sharing,0:01:20
https://soundcloud.com/abdessamad-essuidi/rloly86mr56j?utm_source=clipboard&utm_medium=text&utm_campaign=social_sharing,0:04:01
https://soundcloud.com/clamnoise/mbgssiql0p2v?utm_source=clipboard&utm_medium=text&utm_campaign=social_sharing,0:02:30
https://drive.google.com/file/d/1DmuzLQcEqJ5DE0L32zxtYzMzbdkVGNpI/view?usp=sharing,0:41:38
https://drive.google.com/file/d/10RE1pca3qaRJDXfN1XbTT7NGz556o0uC/view?usp=sharing,0:55:17
https://drive.google.com/file/d/1UH2lVAy5MgvkC6VWssigXafQH_B_y8MF/view?usp=sharing,0:18:40
https://drive.google.com/file/d/1fYDb785-45kH-dbgP-8t7wPFo8AScLH9/view?usp=sharing,0:08:23
https://drive.google.com/file/d/1fYDb785-45kH-dbgP-8t7wPFo8AScLH9/view?usp=sharing,0:08:23
https://drive.google.com/file/d/1eL_Gvf-xyigaAsiog3Bs42jii9AvNc2q/view?usp=sharing,0:23:06
https://drive.google.com/file/d/1eL_Gvf-xyigaAsiog3Bs42jii9AvNc2q/view?usp=sharing,0:23:06
https://drive.google.com/file/d/1-4Rqtyi4XzHLITcCSg6Gfd3IXuz6M8gP/view?usp=sharing,0:03:44
https://drive.google.com/file/d/1Pq_0PA2ygXgJWi2fd1NTfKZ4FRZx4EIr/view?usp=sharing,0:30:52
https://drive.google.com/file/d/15r72G-0s3wM8ZHB5IH9N4zwMz2v24sIp/view?usp=sharing,0:21:14
https://drive.google.com/file/d/1d48QxkTnjjKid0F_vcQJUViNOYuzfYcl/view?usp=sharing,0:07:43
https://drive.google.com/file/d/17v9ji9LEN5O82CA7pEJ6sVAeSIhR8tsw/view?usp=sharing,0:31:44
https://drive.google.com/file/d/1ttfbh7AE2djlhXNASOQRFjcm3EVAzAE8/view?usp=sharing,0:36:40
https://drive.google.com/file/d/1-iFDRTPq0V6_P7GpC9bcUEvIhB1ifQuP/view?usp=sharing,0:00:46
https://drive.google.com/file/d/11On0azUlZpFYsW8W9LM8XeLWIiKkd5kg/view?usp=sharing,0:01:11
https://drive.google.com/file/d/11RGWegjlxNQvc2i7JtAobL-MJC1qNqLh/view?usp=sharing,0:01:09
https://drive.google.com/file/d/126RGwZr94K31reOJxv5WC_pzEwgh51W8/view?usp=sharing,0:01:11
https://drive.google.com/file/d/13xnRpyECo2dRM1Y_ZzriOwinOBeIXidO/view?usp=sharing,0:01:04
https://drive.google.com/file/d/14YWcfo3HpHZSua8Py8fl0l6KcWYycLPc/view?usp=sharing,0:01:06
https://drive.google.com/file/d/15ZnWIJDE-nNEYS6Ncak0LsvJOrp0u0kr/view?usp=sharing,0:01:08
https://drive.google.com/file/d/17B05HSLknZoU4Z21WYJlPxmebZz54uWg/view?usp=sharing,0:00:51
https://drive.google.com/file/d/17vAEX4hpX62iXcd0OlGcRL88z8szLUZT/view?usp=sharing,0:00:59
https://drive.google.com/file/d/1B4lSIRG_vvW8DD1PHAVU8oR6CqJdHxtB/view?usp=sharing,0:01:02
https://drive.google.com/file/d/1CMk_0FAjVNEemUJBNUaH8mowuRu6oWE3/view?usp=sharing,0:00:48
https://drive.google.com/file/d/1EDA1PnUo8GyyyWQrOK9JiFuk5Iu7OcKN/view?usp=sharing,0:01:24
https://drive.google.com/file/d/1F4E2xZVI62p8L8LyMgCfWXnKvKpnMVxR/view?usp=sharing,0:01:07
https://drive.google.com/file/d/1GNkz7tYZvlK1VEW0KdWMZTTMClhZhd0y/view?usp=sharing,0:00:45
https://drive.google.com/file/d/1H40Y013OtSOVdHVnYodj7JdexYKyT2si/view?usp=sharing,0:01:12
https://drive.google.com/file/d/1HWsH_ZtqogNORzfhOLTc9KsIoddeuaWr/view?usp=sharing,0:01:12
https://drive.google.com/file/d/1HXcm6wFizsMOGJrgvHftwkyGzz-fWdsd/view?usp=sharing,0:01:08
https://drive.google.com/file/d/1IDQJaFRlZhF-kDCl8wfsfKtn1HB1GCQJ/view?usp=sharing,0:01:19
https://drive.google.com/file/d/1JNaTpB4V1y5rS1RUUPYC8Qn_mb6oO5m0/view?usp=sharing,0:00:52
https://drive.google.com/file/d/1K11glx64rvG9SR-LseoG5oQxNZRU0BPL/view?usp=sharing,0:01:15
https://drive.google.com/file/d/1KNsdrHi9_LQ_alFS1DT-dRBbEytkBYqH/view?usp=sharing,0:01:30
https://drive.google.com/file/d/1MJ246i5Avn67v7i3vao00T0tLKFaTEc9/view?usp=sharing,0:01:04
https://drive.google.com/file/d/1NrIycHfDAXO7N7CqsTA9htYldlHb_Asb/view?usp=sharing,0:01:06
https://drive.google.com/file/d/1Ot0DHE0Q8Kh_2ftyrFxfED2nQC8ISswJ/view?usp=sharing,0:00:58
https://drive.google.com/file/d/1PItkDs3MIQp6pUO07oLbbJNdMQwPzSQE/view?usp=sharing,0:01:05
https://drive.google.com/file/d/1PYFVpcryE7s8LpTHw_VCISq1aZKXUwvM/view?usp=sharing,0:01:19
https://drive.google.com/file/d/1S67ctY99_gH0gouQToBxC_I22BxM9UvV/view?usp=sharing,0:01:10
https://drive.google.com/file/d/1Suz0rig_V84tRUuwMVtwOeE2lY5n7dsh/view?usp=sharing,0:01:13
https://drive.google.com/file/d/1TmjPxTTP3EGh2mRj-sXe5HN69aihoImJ/view?usp=sharing,0:00:48
https://drive.google.com/file/d/1UTJJFheRc30iVjU6x2jlz8sD4Hj6p3wy/view?usp=sharing,0:01:10
https://drive.google.com/file/d/1UoV1hS8aqkeh5Es3jF_IykH4mlTyVUyF/view?usp=sharing,0:01:19
https://drive.google.com/file/d/1WTzlZSoWZqf7v5FrBYHhsi3xnCaOWtRV/view?usp=sharing,0:01:12
https://drive.google.com/file/d/1WW8o8hccEw851iN1QnUAecXlWzOTahYQ/view?usp=sharing,0:01:32
https://drive.google.com/file/d/1Wgd_APH5bNKRewA51gJiw6fcpJfTRzf0/view?usp=sharing,0:01:13
https://drive.google.com/file/d/1Wr0cDFjn2j1LelWDUZGCqXE1GCM7e4ac/view?usp=sharing,0:01:14
https://drive.google.com/file/d/1Wr24zwQeQHc1XtJt8iaMZYn-bkQjB8wK/view?usp=sharing,0:01:07
https://drive.google.com/file/d/1XMbhHdCGaLvsrm1JY2c1n1NcaIwlHt8Y/view?usp=sharing,0:01:08
https://drive.google.com/file/d/1XMv5rJ0lRT3uZmvPezNFlsfK8ovciM6z/view?usp=sharing,0:01:05
https://drive.google.com/file/d/1YZwb4-Hba3IjE0Om5WnL-yh2H7DgUr6t/view?usp=sharing,0:01:23
https://drive.google.com/file/d/1YbcS6RUGnI2dWWuBGIO1LARYQZnzQB7b/view?usp=sharing,0:01:04
https://drive.google.com/file/d/1ZWWlWr1BOs_Gdeuty4fQhgVyAtKxFb1x/view?usp=sharing,0:01:15
https://drive.google.com/file/d/1at5cDJKPRtCJrteMpolbkCYkc9GACa3-/view?usp=sharing,0:01:14
https://drive.google.com/file/d/1b0B-BNNCJCfSVGVcvQ3ig2QDtovPCwjz/view?usp=sharing,0:01:05
https://drive.google.com/file/d/1bpb7RSb5uPJPtUHGIAZJK8T0NCQw7B0Q/view?usp=sharing,0:00:51
https://drive.google.com/file/d/1braQMYoYF2CwwetrnDvikc08GQKsUnrf/view?usp=sharing,0:01:18
https://drive.google.com/file/d/1cQLpKPKIxUqjJZskdkYjKnoRJd4v-gdI/view?usp=sharing,0:01:10
https://drive.google.com/file/d/1ewzsTK-Dg1yN49cJpgKQzBwTHtO09Qhu/view?usp=sharing,0:00:56
https://drive.google.com/file/d/1hM--UDGR3afQaw7WwauQOGZTHMBAvVpB/view?usp=sharing,0:01:04
https://drive.google.com/file/d/1i7SE5_nuJfXg1PYN2gVp7QdW7Pcn08IS/view?usp=sharing,0:01:35
https://drive.google.com/file/d/1i9-cEIzK8FOitnwwC6IjZRmcw0eiJ6LV/view?usp=sharing,0:01:22
https://drive.google.com/file/d/1i_BlK38tDqphGg-fAsR5puzOKR8hRBRv/view?usp=sharing,0:01:15
https://drive.google.com/file/d/1i_OnVwN-1DElLjskk9J5e6gm1qjFsZOq/view?usp=sharing,0:01:16
https://drive.google.com/file/d/1mMKhjx75HlVQ_WlFXtymE19wAbu2dVkM/view?usp=sharing,0:01:11
https://drive.google.com/file/d/1mxC94J3smn6XViYEgM0wAvrGxunzlAPt/view?usp=sharing,0:01:35
https://drive.google.com/file/d/1nSujP-j7eb344E84MVoNsGHpQmwlC3rK/view?usp=sharing,0:00:47
https://drive.google.com/file/d/1pZt3L7ZuLn68WqdN3fXhHvQFer3jYI3i/view?usp=sharing,0:01:18
https://drive.google.com/file/d/1qfux0wwkz4sx_BXZkELaXcln44E8QHIg/view?usp=sharing,0:01:21
https://drive.google.com/file/d/1qxSkkuyDUf3dGCHYX_1e3PCI5BU8odLT/view?usp=sharing,0:01:04
https://drive.google.com/file/d/1rHXudLVybhtK4dYG9uUnyYfpzp3Mv5tn/view?usp=sharing,0:01:16
https://drive.google.com/file/d/1sXszmCSS8iWmhXh-1uWLtEkpYUtWi3YR/view?usp=sharing,0:00:46
https://drive.google.com/file/d/1t-FFFn1MvR6GXa3wmb1-SkymYmZrQQaK/view?usp=sharing,0:01:09
https://drive.google.com/file/d/1thxnp4Jyi3YOLB56dgtvw4Rn03Rm0Sy-/view?usp=sharing,0:01:19
https://drive.google.com/file/d/1wByAR6g-jXFZGN2Zhl6Wnw7OA6QBTw0r/view?usp=sharing,0:01:21
https://drive.google.com/file/d/1wNu5I08UfpRV3PnclbASagh0RK-7siJQ/view?usp=sharing,0:01:15
https://drive.google.com/file/d/1wgG94PhB5HFs6qbxi5csxBC8w-x-89Cw/view?usp=sharing,0:01:06
https://drive.google.com/file/d/1xA6D0NezQkZugmas373BXzmGEwBjEukv/view?usp=sharing,0:01:23
https://drive.google.com/file/d/1yJC7WY9Fr-Y3dxsQpADu9Nc3k7VMHiz_/view?usp=sharing,0:01:08
https://drive.google.com/file/d/1yWz1OJPROdlB7riC_q4hNmba5ZuIRRWm/view?usp=sharing,0:01:11
https://drive.google.com/file/d/1yvzckOA4SJdHVeFrRGuPSZ6prydayHsQ/view?usp=sharing,0:01:07
https://drive.google.com/file/d/1-PRbRfqPZPPJV-XZx4jqzRma8ZBw3AWI/view?usp=drive_link,0:00:42
https://drive.google.com/file/d/1-CYHAZ94U2pvVJl_Gqb3qzbGWk7Vii0y/view?usp=drive_link,0:00:42
https://drive.google.com/file/d/10EjaRbvVVh6hmIR8F7iUV9L_DNdOiQtZ/view?usp=drive_link,0:10:03
https://drive.google.com/file/d/11FyXOpgGFijGa1JC6YcnDsSG5y4c3rM1/view?usp=drive_link,0:00:44
https://drive.google.com/file/d/14exX6TLF-NzkCRLNoAR0iNfDbaDbqvqy/view?usp=drive_link,0:00:36
https://drive.google.com/file/d/17ZiIu81hXcs89DAR3RBLGCN3U2mQaBXL/view?usp=drive_link,0:01:21
https://drive.google.com/file/d/17kIMiZ2ZzPnEm7DavpRwgaiz2RRvEKFO/view?usp=drive_link,0:01:14
https://drive.google.com/file/d/19aaFNAOx4QTME_hEzC8bw1RFHb4Wb6aA/view?usp=drive_link,0:15:36
https://drive.google.com/file/d/19sfM97PDr8wxJ7dgwcEF5en7dE9z85zJ/view?usp=drive_link,0:00:29
https://drive.google.com/file/d/1Ck5hwiC0EeU-p4g8KeQSNbeFvnvYfNV0/view?usp=drive_link,0:01:53
https://drive.google.com/file/d/1CxqR1-6zhv5ZDOj0MrbRgEH4_A20m3Ea/view?usp=drive_link,0:02:04
https://drive.google.com/file/d/1GGsBMj0gzG-ubMxtsl5w6lHMllptNywu/view?usp=drive_link,0:09:56
https://drive.google.com/file/d/1J2O_2uNPgiGDUGaTx3Py46npp2B3ZEN-/view?usp=drive_link,0:02:24
https://drive.google.com/file/d/1KyqUDY2l-IPc8axnQHbHK8cnuF0TGE4v/view?usp=drive_link,0:01:49
https://drive.google.com/file/d/1-2rh1ITqOf3J2r_0TU7cd5fNA-hMr2Sa/view?usp=drive_link,0:18:20
https://drive.google.com/file/d/10vfBMsvnsi2EQUJ5ybNbz781_Za_8AIQ/view?usp=drive_link,0:13:10
https://drive.google.com/file/d/11gfl8F8x5VpLmbL0kr11icSnIN0nUCRO/view?usp=drive_link,0:16:08
https://drive.google.com/file/d/12BpUw4r8eAWtcuQkO0a0K21F4lGKxnDZ/view?usp=drive_link,0:06:26
https://drive.google.com/file/d/13GbSHCmLcN9IdZ__2o6x9kC9Zgs9rFuP/view?usp=drive_link,0:13:06
https://drive.google.com/file/d/13VJ6ZeslaE4RrpxoMkVE4U4kMg5IAgY2/view?usp=drive_link,0:12:38
https://drive.google.com/file/d/13flDEcdYsFATLGB0lgggvRxR14TGQYLB/view?usp=drive_link,0:15:15
https://drive.google.com/file/d/141bOcDQgil94twTlGUzjEvxKyqfed3K1/view?usp=drive_link,0:12:46
https://drive.google.com/file/d/15BKU_GuYLtJJNhqw7tYs-PmNWiNEkChr/view?usp=drive_link,0:10:01
https://drive.google.com/file/d/15oE9YVCcMtn6Sm72nbX8p8lLFmArjtcD/view?usp=drive_link,0:05:23
https://drive.google.com/file/d/163bdkbJjeQ8xPU7HBkxG4BiQ3Hkh0Qhb/view?usp=drive_link,0:05:28
https://drive.google.com/file/d/16Q7IHWKGVvKQ8NLs7OjXMdJH_n4hpai1/view?usp=drive_link,0:14:42
https://drive.google.com/file/d/16qvAFiNDksyYtZRffaDZd1oOhdqOvKof/view?usp=drive_link,0:39:36
https://drive.google.com/file/d/17HdYXNu2SynHzxvCWf8-QbsAc2QCTPTh/view?usp=drive_link,0:08:52
https://drive.google.com/file/d/17OUGHDcL7tuaFigpfdyx9xUOSwthNcsQ/view?usp=drive_link,0:12:52
https://drive.google.com/file/d/17rmvbOJG87Tppyi5qtAtCKGzqN7ebn-P/view?usp=drive_link,0:13:56
https://drive.google.com/file/d/18XA08Fk9lJWw3YhVmY-LFD901emj2eMT/view?usp=drive_link,0:11:44
https://drive.google.com/file/d/19DlsK3UK0lpPDLuKm3K6ffKsnKQuFMjZ/view?usp=drive_link,0:02:47
https://drive.google.com/file/d/1AgccxRr6h-83Qpokd9aC4s5mHFmJDwjs/view?usp=drive_link,0:02:31
https://drive.google.com/file/d/1Azxa8-_8kAkCAalJDsurq6rp9AQmYzyw/view?usp=drive_link,0:02:26
https://drive.google.com/file/d/1BoG3NwdLln2yG1rubMaSDsLdSR74cP69/view?usp=drive_link,0:03:41
https://drive.google.com/file/d/1C-VBV_RJnQG9q6VIfiSA6hAxomLDGoVt/view?usp=drive_link,0:05:56
https://drive.google.com/file/d/1CayVT01EoExZDtBz9elOnkAGljFdOjyH/view?usp=drive_link,0:12:15
https://drive.google.com/file/d/1Cf8mVdRFrP1cBUALNC7q3iJE44-LjuBv/view?usp=drive_link,0:12:02
https://drive.google.com/file/d/1DrFVnRi2qWne3bw_ucwIdhKhcIA8hkMH/view?usp=drive_link,0:03:58
https://drive.google.com/file/d/1FOmXnCLJnjcPeYNKC_0v1j37WAgxVMA-/view?usp=drive_link,0:11:56
https://drive.google.com/file/d/1GWpccjt62B2XkDMr7lEbXsZqPRFb8Sy3/view?usp=drive_link,0:11:38
https://drive.google.com/file/d/1H2S0Ciz9Wk9KbvPJlYfvD4cENZm5VjuQ/view?usp=drive_link,0:04:13
https://drive.google.com/file/d/1HWk44IvQWsWlwDqLiNyRIR0tmUYKLDTj/view?usp=drive_link,0:11:00
https://drive.google.com/file/d/1HYibMLQHzRl7FIg2v_wRkF3l9GkrufVs/view?usp=drive_link,0:23:08
https://drive.google.com/file/d/1I7lrKeccT_MQDy-m7AS9tqjrrktBXSq_/view?usp=drive_link,0:13:55
https://drive.google.com/file/d/1IjGeKlGFRX_85q5IMytowMILH_AhRX6X/view?usp=drive_link,0:10:46
https://drive.google.com/file/d/1J260n-9fU1tcU0IbnZTnL_zTyAI75HLQ/view?usp=drive_link,0:11:05
https://drive.google.com/file/d/1KZ-QuuTsA5qo-ZxHXztRxwwN-TDqfhE_/view?usp=drive_link,0:16:12
https://drive.google.com/file/d/1M6Ca8vzBqwuy9ha_yVEP-GLxjgbmonv2/view?usp=drive_link,0:02:59
https://drive.google.com/file/d/1MF7yQ3cP9Pfcp50gZtiMmbDwJUUbynlt/view?usp=drive_link,0:08:25
https://drive.google.com/file/d/1M_3dspDHHqT32O-ChUrIp3RmRVk1XjsJ/view?usp=drive_link,0:17:54
https://drive.google.com/file/d/1NaH4mCohc3C43fM93EYaGQQswuVq67r1/view?usp=drive_link,0:11:54
https://drive.google.com/file/d/1O1JfFsq8SlVOrYHBZPThDZDNysK7ZcKr/view?usp=drive_link,0:10:41
https://drive.google.com/file/d/1ODwUR30QtYAjIm4hu-hExZMp6gfZKhdx/view?usp=drive_link,0:00:25
https://drive.google.com/file/d/1OWHnM4ZdkRNEm16r9w4VoGjz3dXhBNEw/view?usp=drive_link,0:43:23
https://drive.google.com/file/d/1PAM7rC_4p80fqARijRTYI_GkEDnSAm6H/view?usp=drive_link,0:11:24
https://drive.google.com/file/d/1QbpXh2gOZmgP1UL9T8kn7pbobQvcfF_l/view?usp=drive_link,0:14:41
https://drive.google.com/file/d/1QjshlKPg-kPFWX4HhCaujVuvdTliWUZ7/view?usp=drive_link,0:18:18
https://drive.google.com/file/d/1RCXxBUNdcKeZXWPa7MuBHdxfKzgwCUKc/view?usp=drive_link,0:13:40
https://drive.google.com/file/d/1ST1rSxDNhm7QYVY0UBtIg1K9T0Cds4cx/view?usp=drive_link,0:11:23
https://drive.google.com/file/d/1ScikFdPCXquLGkhgvAU6AxhKTqW2sNg9/view?usp=drive_link,0:12:09
https://drive.google.com/file/d/1SjsB9vfBC51SGHSeGRc0zLpjw9dXMz7p/view?usp=drive_link,0:11:31
https://drive.google.com/file/d/1SxW-ZqeAvM9BA64A-VUki1ailRhLMesk/view?usp=drive_link,0:07:10
https://drive.google.com/file/d/1UDGFA7J1W6My75oL_xKDtOm_zMu4r4rj/view?usp=drive_link,0:09:47
https://drive.google.com/file/d/1Uf9mqq5zkZqRBgZejhsSaC0W0z3coVHj/view?usp=drive_link,0:05:06
https://drive.google.com/file/d/1Uq_KCftAAbPiJ9GM4NjnM4lzYbEtWWtO/view?usp=drive_link,0:03:23
https://drive.google.com/file/d/1UvThojyZ1zuCjcoVyWCuC_p3oPbikPTt/view?usp=drive_link,0:08:07
https://drive.google.com/file/d/1V0__3NVQr1z7UAHrPUkZ3elRw39uss0p/view?usp=drive_link,0:10:47
https://drive.google.com/file/d/1VGAxv7um8mwGJ476Sx1W2VoqEPsKhdT4/view?usp=drive_link,0:05:36
https://drive.google.com/file/d/1VJBN3YF6MUQe9hfjAMlN_oRd3yqbQE7V/view?usp=drive_link,0:22:33
https://drive.google.com/file/d/1VPBsfrRF_EM0bE0SC-okOi5kgw4s6WMX/view?usp=drive_link,0:10:40
https://drive.google.com/file/d/1VP_n5MWoBqEvvvi3qmuUKqiVOoMM5R_B/view?usp=drive_link,0:12:05
https://drive.google.com/file/d/1VjxNFfRYXPjue8aUF4iBUjEdVrTT--l5/view?usp=drive_link,0:10:55
https://drive.google.com/file/d/1W64O1enEYKoGAv3lSA9nvFO_vfkc_FfI/view?usp=drive_link,0:02:19
https://drive.google.com/file/d/1WRmWNFq9zNiXYVCTVIO35125O4AqRPB9/view?usp=drive_link,0:13:48
https://drive.google.com/file/d/1W_HwTd2QoQqkuPeTV-MzyrRwmtUMZXzP/view?usp=drive_link,0:00:32
https://drive.google.com/file/d/1X0vstoiVvknqEAML-1iP5OszcUasC9s0/view?usp=drive_link,0:05:11
https://drive.google.com/file/d/1X9bEO5hUj0ZFUfgZhSZB-fO4AQagZkov/view?usp=drive_link,0:00:28
https://drive.google.com/file/d/1XHS1IkoiCl8Q8edLpklwhsE9Er8f5D8l/view?usp=drive_link,0:03:30
https://drive.google.com/file/d/1XU8pfE_TdDtxUwzigcBD9v34Au6Efa1a/view?usp=drive_link,0:00:26
https://drive.google.com/file/d/1YtGg6ehIqGHY8c5Z6EUTi7PFl2oStyT_/view?usp=drive_link,0:06:49
https://drive.google.com/file/d/1ZEuY7uDL8kgSR6NzzdmpbuD_XstEf2qU/view?usp=drive_link,0:00:27
https://drive.google.com/file/d/1ZPJsC5fYizYKogjKOC5dhYDcvqK31iu_/view?usp=drive_link,0:12:59
https://drive.google.com/file/d/1ZQfpMF9YzVC-XvYCvYSsiIN05I7IT9Hz/view?usp=drive_link,0:21:08
https://drive.google.com/file/d/1ZTipFgwKq7f226f-LxxyjSyOT5vZ3_wr/view?usp=drive_link,0:13:17
https://drive.google.com/file/d/1_dhpGTBIZ0_bOVXxG4-QR5K6twI3ZrOF/view?usp=drive_link,0:15:30
https://drive.google.com/file/d/1_rBkIu0DbnD8xiOiS74uxxIB8jIC83TL/view?usp=drive_link,0:04:40
https://drive.google.com/file/d/1bRE1DnLSn2cszFWYMzTUYMkSMtBVisnn/view?usp=drive_link,0:12:12
https://drive.google.com/file/d/1c-aPB5KxYizW16aglDr9cWaicRB3rSQw/view?usp=drive_link,0:12:35
https://drive.google.com/file/d/1c40_xLHEgaJgg-kkREzX42VrjNVV3Liz/view?usp=drive_link,0:07:41
https://drive.google.com/file/d/1cHq47am5CO1bbLKYhdXdgdtghCUJ0xd0/view?usp=drive_link,0:00:26
https://drive.google.com/file/d/1caGl5pjSLULZsvlNndpRb2vbpj840dRN/view?usp=drive_link,0:01:51
https://drive.google.com/file/d/1dlfVTf6Te07LRooPxzjiAqP3A4Nv8Gye/view?usp=drive_link,0:06:25
https://drive.google.com/file/d/1e_4Ztf9GEBCq7z3Wkm0gx1nFD285d7Yi/view?usp=drive_link,0:01:14
https://drive.google.com/file/d/1eaS8_1jqUM4lfZw7uvyBzpWt5cr4DNdi/view?usp=drive_link,0:10:42
https://drive.google.com/file/d/1eouNw5QBX3gc0s3RrevMQoEOdepas8za/view?usp=drive_link,0:00:22
https://drive.google.com/file/d/1eqG9JOR-bWIRKJi1H4pHnfFv0pmLxTvq/view?usp=drive_link,0:02:47
https://drive.google.com/file/d/1f9oQlBOPsTxo4dptx4RsruOLfSwSL-K3/view?usp=drive_link,0:12:40
https://drive.google.com/file/d/1fU8tukG2jFezHkn0Ys0bF2ZRf3ZI1lUw/view?usp=drive_link,0:05:16
https://drive.google.com/file/d/1gN5LCJNoyuLoQAkqwCukAYgOTlPKlACh/view?usp=drive_link,0:20:50
https://drive.google.com/file/d/1gU8HVCAPcibVKj18M8EWenRHhmZFOIPK/view?usp=drive_link,0:11:50
https://drive.google.com/file/d/1ga9K4miXPq2jq4zFfeNwZPFRAZoucsd1/view?usp=drive_link,0:06:20
https://drive.google.com/file/d/1gzhkUVgueMyNsgEA9_SJHF6x4ky-lD6o/view?usp=drive_link,0:05:20
https://drive.google.com/file/d/1hGlI77IYOQRbZxlsq2wz3Y0iUIIe2Ivl/view?usp=drive_link,0:11:05
https://drive.google.com/file/d/1iem0udX-NXs4y_nuxYTFOncaA6p1Idlf/view?usp=drive_link,0:05:44
https://drive.google.com/file/d/1jMQPTtdcXFuRJKgG4CpDRDC2kOVNnbuH/view?usp=drive_link,0:03:53
https://drive.google.com/file/d/1jdhfVoQqWsaoIzUCtk2vwMTkswhdd4Px/view?usp=drive_link,0:12:20
https://drive.google.com/file/d/1jfafbV4ZsirBAufPfAZ-0e9ha83Z_tHi/view?usp=drive_link,0:01:09
https://drive.google.com/file/d/1jofSfzkFXSb-hfwTSX5YDME-d6vFp1-P/view?usp=drive_link,0:15:21
https://drive.google.com/file/d/1k6Rpb_LKRN8Cwe9r0kjoDLzWspPpl2Fl/view?usp=drive_link,0:01:31
https://drive.google.com/file/d/1k9Awof-EdQDK9YtJg0YBVPJP9GAzPn14/view?usp=drive_link,0:08:08
https://drive.google.com/file/d/1kB8IwR7oOJv22-7xB6wv3zZL1a43I6TA/view?usp=drive_link,0:13:46
https://drive.google.com/file/d/1krr5umrLcGZqk1Dvt4SPuNkmPoUdgG2H/view?usp=drive_link,0:13:29
https://drive.google.com/file/d/1l-JKguzRgTlEMgFVmfpnvR61UORJIuQP/view?usp=drive_link,0:02:57
https://drive.google.com/file/d/1l11lpskeumkzFKOEQCcfeUGT3u4ELfG6/view?usp=drive_link,0:03:08
https://drive.google.com/file/d/1mKEItE1k_SE4yALtWumEJ1xTCgTKy_7r/view?usp=drive_link,0:14:17
https://drive.google.com/file/d/1mUxL-1EcM8T6Ll_gsn6dS8Khm0sB74nf/view?usp=drive_link,0:00:32
https://drive.google.com/file/d/1nKZkkmaPA2l8vIu1DPCIOPuF4th2ETbE/view?usp=drive_link,0:12:58
https://drive.google.com/file/d/1nL5KfAXkqB0UKp0QQ_8B10f1dZXxd7-X/view?usp=drive_link,0:00:44
https://drive.google.com/file/d/1oIH5pI6YoGEOqdmj4pSXlTZfR47Bp3KT/view?usp=drive_link,0:03:29
https://drive.google.com/file/d/1oJ-5kuzUa4gPKWypUjNE9B793RiNn4DX/view?usp=drive_link,0:05:26
https://drive.google.com/file/d/1oMxqlkv8GMLDcf5Ej2JshtY2oDNontBF/view?usp=drive_link,0:14:39
https://drive.google.com/file/d/1oQj_HOkrXZssG5iHmXpQOpUZfEFzqy7K/view?usp=drive_link,0:00:24
https://drive.google.com/file/d/1oWYug3H3f54g2q-8PzKdiQ3wZRhsPAPV/view?usp=drive_link,0:03:47
https://drive.google.com/file/d/1ob_uyFvLwN5wvEXVTO9Isoz6DDHeLvHa/view?usp=drive_link,0:11:21
https://drive.google.com/file/d/1okhYkQJA53zPH0nELM5C8mVoTmTQDBgG/view?usp=drive_link,0:20:24
https://drive.google.com/file/d/1pwm6H9w2FSNEhJQhC1pLz8B0qVY7vyOK/view?usp=drive_link,0:10:28
https://drive.google.com/file/d/1pz4AugRbCOewFICmGfgQnJkTDV6pTxLs/view?usp=drive_link,0:01:30
https://drive.google.com/file/d/1qGmo-HFRpDEOvPq74892FgESRFIAdXUp/view?usp=drive_link,0:15:41
https://drive.google.com/file/d/1qkeETGTLwf6v6_zQW3fERWuFzyLjPpNU/view?usp=drive_link,0:01:14
https://drive.google.com/file/d/1sXA5_pEYdOehveihcijoJgllKkzNhvUN/view?usp=drive_link,0:12:45
https://drive.google.com/file/d/1shGg4beyQvoXvS-jLaaLvEvBUePZ4mLX/view?usp=drive_link,0:01:21
https://drive.google.com/file/d/1t4XGhma_nN1ZM1p9aBszat-Xr-626Q26/view?usp=drive_link,0:03:34
https://drive.google.com/file/d/1uNAxBNvjT8mGy0CDdYaGRTYhXxB0sGQm/view?usp=drive_link,0:00:23
https://drive.google.com/file/d/1ujqtLb1KjvKJde7Q2vWIH0YuijtEUAUf/view?usp=drive_link,0:03:16
https://drive.google.com/file/d/1uyh24VxfPJ5BwM9MrvemjD82wkQVJPKC/view?usp=drive_link,0:00:40
https://drive.google.com/file/d/1wKH0r1UHTm5lDypJzhbQ0s3M2ohKG09-/view?usp=drive_link,0:09:50
https://drive.google.com/file/d/1xEVluvTZ1k5IE0kNpTUjg0p7rPZNIaf1/view?usp=drive_link,0:20:51
https://drive.google.com/file/d/1xSdu9aDoJjL4V-pfgsywwnC3_9ivdlrW/view?usp=drive_link,0:09:51
https://drive.google.com/file/d/1xhfv-jhY8Chyqkw9LKJTPwisgJIQ0Hpz/view?usp=drive_link,0:14:03
https://drive.google.com/file/d/1xnf7BjzTFRPsT76teQkIBeJg8DcRbxce/view?usp=drive_link,0:15:03
https://drive.google.com/file/d/1xxt8QQnV4kMudg8hyQeDJzumyAPNw7mO/view?usp=drive_link,0:00:19
https://drive.google.com/file/d/1ySuCpsvUtwHcpfcCurQzyOFO2ncoyPQ7/view?usp=drive_link,0:12:32
https://drive.google.com/file/d/1yXkGKPQFZnCuFC4aKwS9D4qhL7a7IP6b/view?usp=drive_link,0:04:34
https://drive.google.com/file/d/1yXv8y_z0bA36HHAp-iKx32sRN3zB8Pm8/view?usp=drive_link,0:17:43
https://drive.google.com/file/d/1zPHVzcowcCTt03rYPS3we6qE_c5yvpav/view?usp=drive_link,0:03:21
https://drive.google.com/file/d/1zZjIWMw-G2_bM82N5_JaPGgNr6PwVZnG/view?usp=drive_link,0:00:33
https://drive.google.com/file/d/1zcx2x1GzgrnkQRd90PHlNyx8cBQkeifH/view?usp=drive_link,0:14:06
https://drive.google.com/file/d/1zuAo2aITTY_mSO3Jv1Y_P8FoXsbjFkfW/view?usp=drive_link,0:00:18
https://drive.google.com/file/d/1zvVJlUUVXSR-cQxIFhvthXUmDNNBYen2/view?usp=drive_link,0:06:20
